INSERT INTO "public"."Operadoras" ("Id", created_at, updated_at, deleted_at, "Apn", "Nome", "Usuario", "Senha") VALUES ('83c42d2d-8717-4fb1-bbe3-0ae186a587f2', '2022-02-19 18:25:39.231237 +00:00', '2022-02-19 18:25:39.231237 +00:00', null, 'claro', 'claro', 'claro', 'claro');
INSERT INTO "public"."Operadoras" ("Id", created_at, updated_at, deleted_at, "Apn", "Nome", "Usuario", "Senha") VALUES ('f247f084-1a76-405e-b8a1-9606abffe2d5', '2022-02-19 18:25:50.856981 +00:00', '2022-02-19 18:25:50.856981 +00:00', null, 'tim', 'tim', 'tim', 'tim');

INSERT INTO producao."Chips" ("Id", created_at, updated_at, deleted_at, "Iccid", "NumeroDaLinha", "Operadora_Id", "Situacao_Id", "TempoDaSuspensao", "DataSuspensao", "Item_Id", "Ativo") VALUES ('75b6a84f-e419-4281-bb87-502c7c0effd3', '2022-02-19 18:29:07.525315 +00:00', '2022-02-19 18:29:07.525315 +00:00', null, '77777777777777777777', 77777777777, 'f247f084-1a76-405e-b8a1-9606abffe2d5', 'inativo', null, null, 'd8faa6ff-5899-4b3d-a919-3d2cfa779700', false);
INSERT INTO producao."Chips" ("Id", created_at, updated_at, deleted_at, "Iccid", "NumeroDaLinha", "Operadora_Id", "Situacao_Id", "TempoDaSuspensao", "DataSuspensao", "Item_Id", "Ativo") VALUES ('e49e6b57-f49a-4c8b-917e-f93684305701', '2022-02-19 18:29:07.525315 +00:00', '2022-02-19 18:29:07.525315 +00:00', null, '88888888888888888888', 88888888888, 'f247f084-1a76-405e-b8a1-9606abffe2d5', 'inativo', null, null, 'd8faa6ff-5899-4b3d-a919-3d2cfa779700', false);
INSERT INTO producao."Chips" ("Id", created_at, updated_at, deleted_at, "Iccid", "NumeroDaLinha", "Operadora_Id", "Situacao_Id", "TempoDaSuspensao", "DataSuspensao", "Item_Id", "Ativo") VALUES ('e49684e4-2b4a-4e78-a340-59e76f3c9df2', '2022-02-19 18:29:07.525315 +00:00', '2022-02-19 18:29:07.525315 +00:00', null, '99999999999999999999', 99999999999, 'f247f084-1a76-405e-b8a1-9606abffe2d5', 'inativo', null, null, 'd8faa6ff-5899-4b3d-a919-3d2cfa779700', false);
INSERT INTO producao."Chips" ("Id", created_at, updated_at, deleted_at, "Iccid", "NumeroDaLinha", "Operadora_Id", "Situacao_Id", "TempoDaSuspensao", "DataSuspensao", "Item_Id", "Ativo") VALUES ('458226e6-1e3a-434b-94a3-33079488604f', '2022-02-19 18:29:07.525315 +00:00', '2022-02-19 18:29:07.525315 +00:00', null, '10111111111111111111', 10111111111, '83c42d2d-8717-4fb1-bbe3-0ae186a587f2', 'inativo', null, null, 'd8faa6ff-5899-4b3d-a919-3d2cfa779700', false);
INSERT INTO producao."Chips" ("Id", created_at, updated_at, deleted_at, "Iccid", "NumeroDaLinha", "Operadora_Id", "Situacao_Id", "TempoDaSuspensao", "DataSuspensao", "Item_Id", "Ativo") VALUES ('fc93eb00-4f90-489a-b31c-cdb611fa55b4', '2022-02-19 18:29:07.525315 +00:00', '2022-02-19 18:29:07.525315 +00:00', null, '11101111111111111111', 11101111111, '83c42d2d-8717-4fb1-bbe3-0ae186a587f2', 'inativo', null, null, 'd8faa6ff-5899-4b3d-a919-3d2cfa779700', false);
INSERT INTO producao."Chips" ("Id", created_at, updated_at, deleted_at, "Iccid", "NumeroDaLinha", "Operadora_Id", "Situacao_Id", "TempoDaSuspensao", "DataSuspensao", "Item_Id", "Ativo") VALUES ('57471d44-c85d-4ee0-a7aa-93a7d929528c', '2022-02-19 18:29:07.525315 +00:00', '2022-02-19 18:29:07.525315 +00:00', null, '12222222222222222222', 12222222222, '83c42d2d-8717-4fb1-bbe3-0ae186a587f2', 'inativo', null, null, 'd8faa6ff-5899-4b3d-a919-3d2cfa779700', false);
INSERT INTO producao."Chips" ("Id", created_at, updated_at, deleted_at, "Iccid", "NumeroDaLinha", "Operadora_Id", "Situacao_Id", "TempoDaSuspensao", "DataSuspensao", "Item_Id", "Ativo") VALUES ('7f3bb5db-7ed3-4eb2-8f8a-bd6d064194c1', '2022-02-19 18:29:07.525315 +00:00', '2022-02-19 18:29:07.525315 +00:00', null, '13333333333333333333', 13333333333, '83c42d2d-8717-4fb1-bbe3-0ae186a587f2', 'inativo', null, null, 'd8faa6ff-5899-4b3d-a919-3d2cfa779700', false);
INSERT INTO producao."Chips" ("Id", created_at, updated_at, deleted_at, "Iccid", "NumeroDaLinha", "Operadora_Id", "Situacao_Id", "TempoDaSuspensao", "DataSuspensao", "Item_Id", "Ativo") VALUES ('cf76f4ea-37f5-4009-9ea7-26763bd44cf3', '2022-02-19 18:29:07.525315 +00:00', '2022-02-19 18:29:07.525315 +00:00', null, '14444444444444444444', 14444444444, '83c42d2d-8717-4fb1-bbe3-0ae186a587f2', 'inativo', null, null, 'd8faa6ff-5899-4b3d-a919-3d2cfa779700', false);
INSERT INTO producao."Chips" ("Id", created_at, updated_at, deleted_at, "Iccid", "NumeroDaLinha", "Operadora_Id", "Situacao_Id", "TempoDaSuspensao", "DataSuspensao", "Item_Id", "Ativo") VALUES ('b3f58d49-1abd-41a4-ad94-078081c6a0df', '2022-02-19 18:29:07.525315 +00:00', '2022-02-19 18:29:07.525315 +00:00', null, '15555555555555555555', 15555555555, '83c42d2d-8717-4fb1-bbe3-0ae186a587f2', 'inativo', null, null, 'd8faa6ff-5899-4b3d-a919-3d2cfa779700', false);
INSERT INTO producao."Chips" ("Id", created_at, updated_at, deleted_at, "Iccid", "NumeroDaLinha", "Operadora_Id", "Situacao_Id", "TempoDaSuspensao", "DataSuspensao", "Item_Id", "Ativo") VALUES ('3ef5cbfc-8cd7-4257-ad9f-84b1984f7ef0', '2022-02-19 18:29:07.525315 +00:00', '2022-02-19 18:33:05.480576 +00:00', null, '22222222222222222222', 22222222222, 'f247f084-1a76-405e-b8a1-9606abffe2d5', 'ativo', null, null, 'd8faa6ff-5899-4b3d-a919-3d2cfa779700', false);
INSERT INTO producao."Chips" ("Id", created_at, updated_at, deleted_at, "Iccid", "NumeroDaLinha", "Operadora_Id", "Situacao_Id", "TempoDaSuspensao", "DataSuspensao", "Item_Id", "Ativo") VALUES ('9ea0c6c2-eff1-4efd-8e47-b7ab0b206601', '2022-02-19 18:29:07.525315 +00:00', '2022-02-19 18:33:05.490733 +00:00', null, '55555555555555555555', 66666666666, 'f247f084-1a76-405e-b8a1-9606abffe2d5', 'ativo', null, null, 'd8faa6ff-5899-4b3d-a919-3d2cfa779700', false);
INSERT INTO producao."Chips" ("Id", created_at, updated_at, deleted_at, "Iccid", "NumeroDaLinha", "Operadora_Id", "Situacao_Id", "TempoDaSuspensao", "DataSuspensao", "Item_Id", "Ativo") VALUES ('edc7d285-46f7-446c-b74a-c1b6d02afb13', '2022-02-19 18:29:07.525315 +00:00', '2022-02-19 18:33:05.526776 +00:00', null, '33333333333333333333', 33333333333, 'f247f084-1a76-405e-b8a1-9606abffe2d5', 'ativo', null, null, 'd8faa6ff-5899-4b3d-a919-3d2cfa779700', false);
INSERT INTO producao."Chips" ("Id", created_at, updated_at, deleted_at, "Iccid", "NumeroDaLinha", "Operadora_Id", "Situacao_Id", "TempoDaSuspensao", "DataSuspensao", "Item_Id", "Ativo") VALUES ('23ea337c-33f5-4929-a8b9-eafe6f3419f2', '2022-02-19 18:29:07.525315 +00:00', '2022-02-19 18:33:05.536761 +00:00', null, '11111111111111111111', 11111111111, 'f247f084-1a76-405e-b8a1-9606abffe2d5', 'ativo', null, null, 'd8faa6ff-5899-4b3d-a919-3d2cfa779700', false);
INSERT INTO producao."Chips" ("Id", created_at, updated_at, deleted_at, "Iccid", "NumeroDaLinha", "Operadora_Id", "Situacao_Id", "TempoDaSuspensao", "DataSuspensao", "Item_Id", "Ativo") VALUES ('7c279aba-ae9b-43df-8a17-a223acb24544', '2022-02-19 18:29:07.525315 +00:00', '2022-02-19 18:33:05.536790 +00:00', null, '44444444444444444444', 44444444444, 'f247f084-1a76-405e-b8a1-9606abffe2d5', 'ativo', null, null, 'd8faa6ff-5899-4b3d-a919-3d2cfa779700', false);

INSERT INTO producao."Equipamentos" ("Id", created_at, updated_at, deleted_at, "Identificador", "Imei", "Item_Id", "Ativo") VALUES ('1db9d70a-9493-421d-9942-a02e031d8080', '2022-02-19 18:32:23.908838 +00:00', '2022-02-19 18:32:23.908838 +00:00', null, 111111111, 111111111111111, '79314596-006a-4729-a6ac-64c6fc984c4c', false);
INSERT INTO producao."Equipamentos" ("Id", created_at, updated_at, deleted_at, "Identificador", "Imei", "Item_Id", "Ativo") VALUES ('e99313c7-4aba-4563-82b9-f635a7916dee', '2022-02-19 18:32:23.908838 +00:00', '2022-02-19 18:32:23.908838 +00:00', null, 222222222, 222222222222222, '79314596-006a-4729-a6ac-64c6fc984c4c', false);
INSERT INTO producao."Equipamentos" ("Id", created_at, updated_at, deleted_at, "Identificador", "Imei", "Item_Id", "Ativo") VALUES ('0e99acc5-b908-414a-a516-ea3e9aac02a5', '2022-02-19 18:32:23.908838 +00:00', '2022-02-19 18:32:23.908838 +00:00', null, 333333333, 333333333333333, '79314596-006a-4729-a6ac-64c6fc984c4c', false);
INSERT INTO producao."Equipamentos" ("Id", created_at, updated_at, deleted_at, "Identificador", "Imei", "Item_Id", "Ativo") VALUES ('56f00c0d-9eb7-4a8b-b964-e7f9efc07208', '2022-02-19 18:32:23.908838 +00:00', '2022-02-19 18:32:23.908838 +00:00', null, 444444444, 444444444444444, '79314596-006a-4729-a6ac-64c6fc984c4c', false);
INSERT INTO producao."Equipamentos" ("Id", created_at, updated_at, deleted_at, "Identificador", "Imei", "Item_Id", "Ativo") VALUES ('94daeac9-8791-4f1c-b423-97607617328a', '2022-02-19 18:32:23.908838 +00:00', '2022-02-19 18:32:23.908838 +00:00', null, 555555555, 555555555555555, '79314596-006a-4729-a6ac-64c6fc984c4c', false);
INSERT INTO producao."Equipamentos" ("Id", created_at, updated_at, deleted_at, "Identificador", "Imei", "Item_Id", "Ativo") VALUES ('305ff7e4-ccc4-49b1-be9e-290d5c5afe15', '2022-02-19 18:32:23.908838 +00:00', '2022-02-19 18:32:23.908838 +00:00', null, 666666666, 666666666666666, '79314596-006a-4729-a6ac-64c6fc984c4c', false);
INSERT INTO producao."Equipamentos" ("Id", created_at, updated_at, deleted_at, "Identificador", "Imei", "Item_Id", "Ativo") VALUES ('643f844c-32d2-4256-b4dd-57189b4006e1', '2022-02-19 18:32:23.908838 +00:00', '2022-02-19 18:32:23.908838 +00:00', null, 777777777, 777777777777777, '79314596-006a-4729-a6ac-64c6fc984c4c', false);
INSERT INTO producao."Equipamentos" ("Id", created_at, updated_at, deleted_at, "Identificador", "Imei", "Item_Id", "Ativo") VALUES ('3239be7e-63a0-4245-b7ce-aa5e7490e982', '2022-02-19 18:32:23.908838 +00:00', '2022-02-19 18:32:23.908838 +00:00', null, 888888888, 888888888888888, '79314596-006a-4729-a6ac-64c6fc984c4c', false);
INSERT INTO producao."Equipamentos" ("Id", created_at, updated_at, deleted_at, "Identificador", "Imei", "Item_Id", "Ativo") VALUES ('188000d1-dd8d-4ba2-8e40-8ccebe892021', '2022-02-19 18:32:23.908838 +00:00', '2022-02-19 18:32:23.908838 +00:00', null, 999999999, 999999999999999, '79314596-006a-4729-a6ac-64c6fc984c4c', false);
INSERT INTO producao."Equipamentos" ("Id", created_at, updated_at, deleted_at, "Identificador", "Imei", "Item_Id", "Ativo") VALUES ('6d30f39f-5efc-4709-9321-f3320b694224', '2022-02-19 18:32:23.908838 +00:00', '2022-02-19 18:32:23.908838 +00:00', null, 10101010, 101010101010101, '79314596-006a-4729-a6ac-64c6fc984c4c', false);
INSERT INTO producao."Equipamentos" ("Id", created_at, updated_at, deleted_at, "Identificador", "Imei", "Item_Id", "Ativo") VALUES ('cb195e1b-a658-49ad-b2e8-853937bf7069', '2022-02-19 18:32:23.908838 +00:00', '2022-02-19 18:32:23.908838 +00:00', null, 10101111, 111010101011111, '79314596-006a-4729-a6ac-64c6fc984c4c', false);
INSERT INTO producao."Equipamentos" ("Id", created_at, updated_at, deleted_at, "Identificador", "Imei", "Item_Id", "Ativo") VALUES ('37acaee9-e13c-41d6-a417-32188e4aef98', '2022-02-19 18:32:23.908838 +00:00', '2022-02-19 18:32:23.908838 +00:00', null, 212121212, 121212121212121, '79314596-006a-4729-a6ac-64c6fc984c4c', false);
INSERT INTO producao."Equipamentos" ("Id", created_at, updated_at, deleted_at, "Identificador", "Imei", "Item_Id", "Ativo") VALUES ('3d8a7f35-0636-4b3a-b718-9e02b6c6c556', '2022-02-19 18:32:23.908838 +00:00', '2022-02-19 18:32:23.908838 +00:00', null, 313131313, 131313131313131, '79314596-006a-4729-a6ac-64c6fc984c4c', false);
INSERT INTO producao."Equipamentos" ("Id", created_at, updated_at, deleted_at, "Identificador", "Imei", "Item_Id", "Ativo") VALUES ('86e0ecb4-8427-4ca6-b025-6e062769d7a3', '2022-02-19 18:32:23.908838 +00:00', '2022-02-19 18:32:23.908838 +00:00', null, 414141414, 141414141414141, '79314596-006a-4729-a6ac-64c6fc984c4c', false);
INSERT INTO producao."Equipamentos" ("Id", created_at, updated_at, deleted_at, "Identificador", "Imei", "Item_Id", "Ativo") VALUES ('9089f48b-0ce3-46d3-be8c-ec6ea4dd7507', '2022-02-19 18:32:23.908838 +00:00', '2022-02-19 18:32:23.908838 +00:00', null, 515151515, 151515151515151, '79314596-006a-4729-a6ac-64c6fc984c4c', false);

INSERT INTO producao."Rastreadores" ("Id", created_at, updated_at, deleted_at, "CodigoReferencia", "Chip_Id", "Equipamento_Id", "Item_Id", "Ativo") VALUES ('d5013ad5-2989-4a5e-8ccb-94b1f72c034d', '2022-02-19 18:33:05.446555 +00:00', '2022-02-19 18:33:05.446555 +00:00', null, 1, '23ea337c-33f5-4929-a8b9-eafe6f3419f2', '1db9d70a-9493-421d-9942-a02e031d8080', '89eae6ff-b182-4618-92ec-05fefeda3fbf', false);
INSERT INTO producao."Rastreadores" ("Id", created_at, updated_at, deleted_at, "CodigoReferencia", "Chip_Id", "Equipamento_Id", "Item_Id", "Ativo") VALUES ('26b87629-b37d-4cf5-b13c-6f16a8bbfbf0', '2022-02-19 18:33:05.446555 +00:00', '2022-02-19 18:33:05.446555 +00:00', null, 2, '3ef5cbfc-8cd7-4257-ad9f-84b1984f7ef0', 'e99313c7-4aba-4563-82b9-f635a7916dee', '89eae6ff-b182-4618-92ec-05fefeda3fbf', false);
INSERT INTO producao."Rastreadores" ("Id", created_at, updated_at, deleted_at, "CodigoReferencia", "Chip_Id", "Equipamento_Id", "Item_Id", "Ativo") VALUES ('dbb7ea15-be50-49f9-a73c-a913f70294f2', '2022-02-19 18:33:05.446555 +00:00', '2022-02-19 18:33:05.446555 +00:00', null, 3, 'edc7d285-46f7-446c-b74a-c1b6d02afb13', '0e99acc5-b908-414a-a516-ea3e9aac02a5', '89eae6ff-b182-4618-92ec-05fefeda3fbf', false);
INSERT INTO producao."Rastreadores" ("Id", created_at, updated_at, deleted_at, "CodigoReferencia", "Chip_Id", "Equipamento_Id", "Item_Id", "Ativo") VALUES ('5aa7af4b-015b-4be2-b462-db02c55eab13', '2022-02-19 18:33:05.446555 +00:00', '2022-02-19 18:33:05.446555 +00:00', null, 4, '7c279aba-ae9b-43df-8a17-a223acb24544', '56f00c0d-9eb7-4a8b-b964-e7f9efc07208', '89eae6ff-b182-4618-92ec-05fefeda3fbf', false);
INSERT INTO producao."Rastreadores" ("Id", created_at, updated_at, deleted_at, "CodigoReferencia", "Chip_Id", "Equipamento_Id", "Item_Id", "Ativo") VALUES ('5c210668-e5ff-4ef1-8e1e-aa52a6b31f81', '2022-02-19 18:33:05.446555 +00:00', '2022-02-19 18:33:05.446555 +00:00', null, 5, '9ea0c6c2-eff1-4efd-8e47-b7ab0b206601', '94daeac9-8791-4f1c-b423-97607617328a', '89eae6ff-b182-4618-92ec-05fefeda3fbf', false);
